,YEAR_op,carbonCosts_Pvar
0,2040,6332610.552588788
1,2050,2917477.5970300417
2,2020,47786529.80296189
3,2030,14602610.088724775
