,YEAR_op,carbonCosts_Pvar
0,2040,7639735.044089242
1,2050,-0.0
2,2020,52337627.87942464
3,2030,22837568.57813083
