,YEAR_invest,STOCK_TECHNO,PmaxInvest_Dvar
0,2040,tankH2_G,7.019142073009024
1,2040,saltCavernH2_G,777.0128232505081
2,2040,Battery,0.0
3,2010,tankH2_G,0.0
4,2010,saltCavernH2_G,0.0
5,2010,Battery,0.0
6,2020,tankH2_G,345.48344725225604
7,2020,saltCavernH2_G,88.68380599304146
8,2020,Battery,0.0
9,2030,tankH2_G,664.6277670179
10,2030,saltCavernH2_G,248.9142847901224
11,2030,Battery,0.0
