,YEAR_op,carbonCosts_Pvar
0,2040,15288633.778953724
1,2050,8925030.69952995
2,2020,47786529.80296189
3,2030,28296820.958868116
