,YEAR_op,objective_Pvar
0,2040,128170018.12464988
1,2050,109397501.8649001
2,2020,127843496.93564942
3,2030,173758839.25481272
