,YEAR_op,carbonCosts_Pvar
0,2040,1317176.989856831
1,2050,686207.8320729402
2,2020,47786529.80296189
3,2030,3284076.453526549
