,YEAR_op,carbonCosts_Pvar
0,2040,7958113.004917557
1,2050,5155005.037818871
2,2020,47786529.80296189
3,2030,22461770.589418408
