,YEAR_op,carbonCosts_Pvar
0,2040,524840.8749726273
1,2050,148778.93300901222
2,2020,47786529.80296189
3,2030,1003832.7558893316
