,YEAR_op,carbonCosts_Pvar
0,2040,375931.91627479775
1,2050,-0.0
2,2020,52337627.87942464
3,2030,2170928.6384600196
