,YEAR_op,STOCK_TECHNO,Pmax_Pvar
0,2040,tankH2_G,1265.3542596887492
1,2040,saltCavernH2_G,822.86389224737
2,2040,Battery,0.0
3,2050,tankH2_G,344.64110220587025
4,2050,saltCavernH2_G,1141.8484895808908
5,2050,Battery,0.0
6,2020,tankH2_G,0.0
7,2020,saltCavernH2_G,0.0
8,2020,Battery,0.0
9,2030,tankH2_G,920.7131574828788
10,2030,saltCavernH2_G,403.79998691155333
11,2030,Battery,0.0
