,YEAR_invest,STOCK_TECHNO,PmaxInvest_Dvar
0,2040,tankH2_G,0.0
1,2040,saltCavernH2_G,318.9845973335209
2,2040,Battery,0.0
3,2010,tankH2_G,0.0
4,2010,saltCavernH2_G,0.0
5,2010,Battery,0.0
6,2020,tankH2_G,920.7131574828788
7,2020,saltCavernH2_G,403.79998691155333
8,2020,Battery,0.0
9,2030,tankH2_G,344.64110220587025
10,2030,saltCavernH2_G,419.0639053358167
11,2030,Battery,0.0
