,YEAR_op,carbonCosts_Pvar
0,2040,218486.08060270626
1,2050,154.46186001350236
2,2020,47786529.80296189
3,2030,258936.5716248764
