,YEAR_op,STOCK_TECHNO,storageCosts_Pvar
0,2040,saltCavernH2_G,11622992.850981854
1,2040,Battery,-0.0
2,2040,tankH2_G,1103659.9348827621
3,2050,saltCavernH2_G,13917949.903753329
4,2050,Battery,-0.0
5,2050,tankH2_G,708666.6321132818
6,2020,saltCavernH2_G,-0.0
7,2020,Battery,-0.0
8,2020,tankH2_G,-0.0
9,2030,saltCavernH2_G,6785241.303142365
10,2030,Battery,-0.0
11,2030,tankH2_G,893765.5945619443
