,YEAR_op,carbonCosts_Pvar
0,2040,686209548.271426
1,2050,720513366.5802491
2,2020,123003110.80611658
3,2030,614321587.2656084
