,YEAR_op,STOCK_TECHNO,Cmax_Pvar
0,2040,Battery,2208.113391462326
1,2040,saltCavernH2_G,11563.333745306572
2,2050,Battery,39345.418354498885
3,2050,saltCavernH2_G,46602.10289277523
4,2020,Battery,0.0
5,2020,saltCavernH2_G,0.0
6,2030,Battery,0.0
7,2030,saltCavernH2_G,3650.0
