,YEAR_op,objective_Pvar
0,2040,13328844266.587414
1,2050,12364831153.238415
2,2020,15503637031.254436
3,2030,13222137837.47235
