,YEAR_op,carbonCosts_Pvar
0,2040,9039651.79998823
1,2050,5288274.168318946
2,2020,47786529.80296189
3,2030,26914695.999695085
