,YEAR_op,carbonCosts_Pvar
0,2040,1100082.8719068295
1,2050,966.9514904844458
2,2020,47786529.80296189
3,2030,10895475.81432529
