,YEAR_op,STOCK_TECHNO,storageCosts_Pvar
0,2040,saltCavernH2_G,6277882.425112283
1,2040,Battery,-0.0
2,2040,tankH2_G,1117839.8019187478
3,2050,saltCavernH2_G,10035758.628868824
4,2050,Battery,-0.0
5,2050,tankH2_G,1052768.5886398924
6,2020,saltCavernH2_G,-0.0
7,2020,Battery,-0.0
8,2020,tankH2_G,-0.0
9,2030,saltCavernH2_G,1708272.4527239357
10,2030,Battery,-0.0
11,2030,tankH2_G,420532.6753054017
