,YEAR_op,carbonCosts_Pvar
0,2040,14697995.707280546
1,2050,8957499.783404786
2,2020,47786529.80296189
3,2030,24065093.14256091
