,YEAR_op,carbonCosts_Pvar
0,2040,14567174.537023949
1,2050,7949470.751428509
2,2020,47786529.80296189
3,2030,29773779.195149325
