,YEAR_op,objective_Pvar
0,2040,128196052.76499832
1,2050,110407357.49115635
2,2020,127843496.93564942
3,2030,169731922.90410334
