,YEAR_op,objective_Pvar
0,2040,129011812.40680617
1,2050,115233026.81066237
2,2020,127843496.93564942
3,2030,178635935.06793433
