,YEAR_invest,STOCK_TECHNO,PmaxInvest_Dvar
0,2040,Battery,0.0
1,2040,tankH2_G,775.5787996154586
2,2040,saltCavernH2_G,0.0
3,2010,Battery,0.0
4,2010,tankH2_G,0.0
5,2010,saltCavernH2_G,0.0
6,2020,Battery,-0.0
7,2020,tankH2_G,525.3661772076151
8,2020,saltCavernH2_G,0.0
9,2030,Battery,0.0
10,2030,tankH2_G,502.32188365561933
11,2030,saltCavernH2_G,0.0
