,YEAR_op,carbonCosts_Pvar
0,2040,609214.8546926207
1,2050,175002.78334575935
2,2020,52337627.87942464
3,2030,1137583.6422730908
