,YEAR_op,carbonCosts_Pvar
0,2040,14753760.73943506
1,2050,9861393.8848146
2,2020,47786529.80296189
3,2030,29773779.195149314
