,YEAR_op,carbonCosts_Pvar
0,2040,13066299.878810361
1,2050,-0.0
2,2020,47786529.80296189
3,2030,29623562.12724544
