,YEAR_op,carbonCosts_Pvar
0,2040,222221863.8300218
1,2050,557814755.2221731
2,2020,32374999.34300476
3,2030,24534347.651195034
