,YEAR_op,carbonCosts_Pvar
0,2040,222109181.23176512
1,2050,557851866.1247927
2,2020,76274789.99354924
3,2030,28854475.96275168
