,YEAR_op,carbonCosts_Pvar
0,2040,562807683.806091
1,2050,591400980.5082762
2,2020,101099590.9872738
3,2030,503020404.78835744
