,YEAR_op,carbonCosts_Pvar
0,2040,581024432.5290594
1,2050,787098171.0738057
2,2020,101099590.9872736
3,2030,550362143.6197398
