,YEAR_op,carbonCosts_Pvar
0,2040,1080545747.0123794
1,2050,1317710418.4505806
2,2020,2701111639.054599
3,2030,1023335224.3909457
