,YEAR_op,carbonCosts_Pvar
0,2040,404785945.494092
1,2050,804605689.0533787
2,2020,71017287.0350743
3,2030,63290112.44797888
