,YEAR_op,STOCK_TECHNO,Cmax_Pvar
0,2040,saltCavernH2_G,11850.564463992558
1,2040,Battery,2393.205427976549
2,2050,saltCavernH2_G,45753.88103810058
3,2050,Battery,41135.110430956796
4,2020,saltCavernH2_G,0.0
5,2020,Battery,0.0
6,2030,saltCavernH2_G,4458.427070911184
7,2030,Battery,0.0
