,YEAR_op,STOCK_TECHNO,Cmax_Pvar
0,2040,STEP,27248.505750000008
1,2040,Battery,0.0
2,2050,STEP,47248.505750000004
3,2050,Battery,8404.154590003567
4,2020,STEP,7248.505750000005
5,2020,Battery,0.0
6,2030,STEP,7248.505750000005
7,2030,Battery,0.0
