,YEAR_invest,STOCK_TECHNO,CmaxInvest_Dvar
0,2040,saltCavernH2_G,33903.31657410802
1,2040,Battery,38741.905002980246
2,2010,saltCavernH2_G,0.0
3,2010,Battery,0.0
4,2020,saltCavernH2_G,4458.427070911184
5,2020,Battery,-0.0
6,2030,saltCavernH2_G,7392.1373930813725
7,2030,Battery,2393.205427976549
