,YEAR_op,objective_Pvar
0,2040,10171137299.067076
1,2050,9483791122.597954
2,2020,12742859529.34609
3,2030,10420342241.774479
