,YEAR_op,objective_Pvar
0,2040,10085636208.068726
1,2050,9540358975.979628
2,2020,12742859529.34609
3,2030,10123659284.985601
