,YEAR_op,STOCK_TECHNO,Pmax_Pvar
0,2040,STEP,3364.0130555555565
1,2040,Battery,0.0
2,2050,STEP,5364.013055555556
3,2050,Battery,2982.5143244444466
4,2020,STEP,1364.0130555555563
5,2020,Battery,0.0
6,2030,STEP,1364.0130555555563
7,2030,Battery,0.0
