,YEAR_op,STOCK_TECHNO,Pmax_Pvar
0,2040,Battery,0.0
1,2040,STEP,1568.3475199999957
2,2050,Battery,0.0
3,2050,STEP,3568.3475199999957
4,2020,Battery,0.0
5,2020,STEP,412.59999999999854
6,2030,Battery,0.0
7,2030,STEP,412.59999999999854
