,YEAR_invest,STOCK_TECHNO,PmaxInvest_Dvar
0,2040,STEP,2000.0
1,2040,Battery,2982.5143244444466
2,2010,STEP,1364.0130555555563
3,2010,Battery,0.0
4,2020,STEP,0.0
5,2020,Battery,-0.0
6,2030,STEP,2000.0
7,2030,Battery,0.0
