,YEAR_op,STOCK_TECHNO,Pmax_Pvar
0,2040,STEP,5512.751346667437
1,2040,Battery,0.0
2,2050,STEP,7512.751346667437
3,2050,Battery,5826.441867345209
4,2020,STEP,3000.0
5,2020,Battery,0.0
6,2030,STEP,3512.7513466674377
7,2030,Battery,0.0
