,YEAR_op,STOCK_TECHNO,storageCosts_Pvar
0,2040,STEP,185513339.77797383
1,2040,Battery,-0.0
2,2050,STEP,223620255.39967722
3,2050,Battery,169631355.0021998
4,2020,STEP,30400387.597160935
5,2020,Battery,-0.0
6,2030,STEP,114763359.86843562
7,2030,Battery,-0.0
