,YEAR_op,STOCK_TECHNO,storageCosts_Pvar
0,2040,Battery,-0.0
1,2040,STEP,44411815.745150924
2,2050,Battery,-0.0
3,2050,STEP,81470559.63419254
4,2020,Battery,-0.0
5,2020,STEP,4181066.640862853
6,2030,Battery,-0.0
7,2030,STEP,14280986.117190989
