,YEAR_op,STOCK_TECHNO,storageCosts_Pvar
0,2040,saltCavernH2_G,117719244.38739982
1,2040,Battery,25008151.56221431
2,2050,saltCavernH2_G,301657107.7926543
3,2050,Battery,201879707.15821677
4,2020,saltCavernH2_G,-0.0
5,2020,Battery,-0.0
6,2030,saltCavernH2_G,50213446.171442956
7,2030,Battery,-0.0
