,YEAR_op,STOCK_TECHNO,storageCosts_Pvar
0,2040,STEP,185177193.73343107
1,2040,Battery,-0.0
2,2050,STEP,223302080.49808854
3,2050,Battery,170189850.31853738
4,2020,STEP,30400387.597160935
5,2020,Battery,-0.0
6,2030,STEP,114465363.7361744
7,2030,Battery,-0.0
