,YEAR_op,STOCK_TECHNO,storageCosts_Pvar
0,2040,saltCavernH2_G,120056779.92407103
1,2040,Battery,23933146.405425295
2,2050,saltCavernH2_G,301149080.0335946
3,2050,Battery,204663006.8263647
4,2020,saltCavernH2_G,-0.0
5,2020,Battery,-0.0
6,2030,saltCavernH2_G,55177136.236971445
7,2030,Battery,-0.0
