,YEAR_op,carbonCosts_Pvar
0,2040,324662.9895883808
1,2050,-0.0
2,2020,47786529.80296189
3,2030,1920367.028395601
