,YEAR_invest,STOCK_TECHNO,PmaxInvest_Dvar
0,2040,tankH2_G,0.0
1,2040,saltCavernH2_G,317.98386897982346
2,2040,Battery,0.0
3,2010,tankH2_G,0.0
4,2010,saltCavernH2_G,0.0
5,2010,Battery,0.0
6,2020,tankH2_G,920.7346589023932
7,2020,saltCavernH2_G,403.82125630136073
8,2020,Battery,0.0
9,2030,tankH2_G,345.3311608067351
10,2030,saltCavernH2_G,419.74651726113245
11,2030,Battery,0.0
