,YEAR_op,carbonCosts_Pvar
0,2040,5711235.994262201
1,2050,-0.0
2,2020,52337627.87942464
3,2030,14586671.007852428
