,YEAR_invest,STOCK_TECHNO,PmaxInvest_Dvar
0,2040,tankH2_G,14.053222185854676
1,2040,saltCavernH2_G,169.35515387713403
2,2040,Battery,0.0
3,2010,tankH2_G,0.0
4,2010,saltCavernH2_G,0.0
5,2010,Battery,0.0
6,2020,tankH2_G,205.06263261991987
7,2020,saltCavernH2_G,379.3049236419371
8,2020,Battery,0.0
9,2030,tankH2_G,0.0
10,2030,saltCavernH2_G,190.08227219262875
11,2030,Battery,0.0
