,YEAR_op,carbonCosts_Pvar
0,2040,248634.049109202
1,2050,187.2264969860644
2,2020,52337627.87942464
3,2030,295900.976787963
