,YEAR_invest,STOCK_TECHNO,CmaxInvest_Dvar
0,2040,tankH2_G,261.30782611486245
1,2040,saltCavernH2_G,52362.88430512508
2,2040,Battery,0.0
3,2010,tankH2_G,0.0
4,2010,saltCavernH2_G,0.0
5,2010,Battery,0.0
6,2020,tankH2_G,2941.250655465119
7,2020,saltCavernH2_G,122620.03628597957
8,2020,Battery,0.0
9,2030,tankH2_G,0.0
10,2030,saltCavernH2_G,130000.0
11,2030,Battery,0.0
