,YEAR_invest,STOCK_TECHNO,PmaxInvest_Dvar
0,2040,tankH2_G,14.05322218585468
1,2040,saltCavernH2_G,168.58052855515305
2,2040,Battery,0.0
3,2010,tankH2_G,0.0
4,2010,saltCavernH2_G,0.0
5,2010,Battery,0.0
6,2020,tankH2_G,203.8187281121491
7,2020,saltCavernH2_G,380.785648884715
8,2020,Battery,0.0
9,2030,tankH2_G,0.0
10,2030,saltCavernH2_G,189.3761722718318
11,2030,Battery,0.0
