,YEAR_op,STOCK_TECHNO,Pmax_Pvar
0,2040,tankH2_G,203.8187281121491
1,2040,saltCavernH2_G,570.1618211565468
2,2040,Battery,0.0
3,2050,tankH2_G,14.05322218585468
4,2050,saltCavernH2_G,738.7423497116998
5,2050,Battery,0.0
6,2020,tankH2_G,0.0
7,2020,saltCavernH2_G,0.0
8,2020,Battery,0.0
9,2030,tankH2_G,203.8187281121491
10,2030,saltCavernH2_G,380.785648884715
11,2030,Battery,0.0
