,YEAR_op,STOCK_TECHNO,storageCosts_Pvar
0,2040,tankH2_G,1082679.145501417
1,2040,saltCavernH2_G,11648157.35715439
2,2040,Battery,-0.0
3,2050,tankH2_G,694918.6715260099
4,2050,saltCavernH2_G,13934684.913199889
5,2050,Battery,-0.0
6,2020,tankH2_G,-0.0
7,2020,saltCavernH2_G,-0.0
8,2020,Battery,-0.0
9,2030,tankH2_G,877770.6382932742
10,2030,saltCavernH2_G,6809876.727619924
11,2030,Battery,-0.0
