,YEAR_op,carbonCosts_Pvar
0,2040,4946168.667384137
1,2050,1865638.5854619828
2,2020,47786529.80296189
3,2030,11541543.331927864
