,YEAR_op,STOCK_TECHNO,Cmax_Pvar
0,2040,saltCavernH2_G,12000.0
1,2040,Battery,2556.4441307433212
2,2050,saltCavernH2_G,46159.72625517481
3,2050,Battery,40121.585435306464
4,2020,saltCavernH2_G,0.0
5,2020,Battery,0.0
6,2030,saltCavernH2_G,3965.0988996118554
7,2030,Battery,0.0
