,YEAR_invest,STOCK_TECHNO,CmaxInvest_Dvar
0,2040,saltCavernH2_G,35038.76914746866
1,2040,Battery,37137.30496303656
2,2010,saltCavernH2_G,0.0
3,2010,Battery,0.0
4,2020,saltCavernH2_G,3650.0
5,2020,Battery,-0.0
6,2030,saltCavernH2_G,7913.333745306572
7,2030,Battery,2208.113391462326
