,YEAR_op,carbonCosts_Pvar
0,2040,12123068.586197473
1,2050,842305.3537392797
2,2020,47786529.80296189
3,2030,28517336.21343902
