,YEAR_op,carbonCosts_Pvar
0,2040,917675.0507139933
1,2050,211.961848750816
2,2020,52337627.87942464
3,2030,5800514.182879541
