,YEAR_op,STOCK_TECHNO,Cmax_Pvar
0,2040,tankH2_G,3347.253478803689
1,2040,saltCavernH2_G,216553.28492568166
2,2040,Battery,0.0
3,2050,tankH2_G,1560.1260532334813
4,2050,saltCavernH2_G,302241.0416623463
5,2050,Battery,0.0
6,2020,tankH2_G,0.0
7,2020,saltCavernH2_G,0.0
8,2020,Battery,0.0
9,2030,tankH2_G,1787.1274255702078
10,2030,saltCavernH2_G,86553.28492568164
11,2030,Battery,0.0
