,YEAR_invest,STOCK_TECHNO,PmaxInvest_Dvar
0,2040,tankH2_G,0.0
1,2040,saltCavernH2_G,256.73963593695476
2,2040,Battery,0.0
3,2010,tankH2_G,0.0
4,2010,saltCavernH2_G,0.0
5,2010,Battery,0.0
6,2020,tankH2_G,297.854570928368
7,2020,saltCavernH2_G,168.7593535591148
8,2020,Battery,0.0
9,2030,tankH2_G,71.18402405264699
10,2030,saltCavernH2_G,291.972032956909
11,2030,Battery,0.0
