,YEAR_op,STOCK_TECHNO,Pmax_Pvar
0,2040,tankH2_G,369.03859498101497
1,2040,saltCavernH2_G,460.7313865160238
2,2040,Battery,0.0
3,2050,tankH2_G,71.18402405264699
4,2050,saltCavernH2_G,717.4710224529786
5,2050,Battery,0.0
6,2020,tankH2_G,0.0
7,2020,saltCavernH2_G,0.0
8,2020,Battery,0.0
9,2030,tankH2_G,297.854570928368
10,2030,saltCavernH2_G,168.7593535591148
11,2030,Battery,0.0
