,YEAR_op,STOCK_TECHNO,storageCosts_Pvar
0,2040,tankH2_G,1145896.096145897
1,2040,saltCavernH2_G,8032024.554764599
2,2040,Battery,-0.0
3,2050,tankH2_G,839274.1633555219
4,2050,saltCavernH2_G,11369769.293966308
5,2050,Battery,-0.0
6,2020,tankH2_G,-0.0
7,2020,saltCavernH2_G,-0.0
8,2020,Battery,-0.0
9,2030,tankH2_G,750027.3026168598
10,2030,saltCavernH2_G,3261329.286230533
11,2030,Battery,-0.0
