,YEAR_op,carbonCosts_Pvar
0,2040,13157849.485148083
1,2050,7796937.486605716
2,2020,47786529.80296189
3,2030,27095737.3788976
