,YEAR_op,carbonCosts_Pvar
0,2040,14567174.537023975
1,2050,12358725.910712078
2,2020,47786529.80296189
3,2030,29773779.195149306
