,YEAR_op,carbonCosts_Pvar
0,2025,153454786.26824123
1,2020,48129126.962970294
2,2030,479115871.33535105
3,2015,135680364.93431884
