,YEAR_op,objective_Pvar
0,2025,10145388156.987103
1,2020,16346514354.999037
2,2030,11279275952.476973
3,2015,17100825671.959064
