,YEAR_op,carbonCosts_Pvar
0,2040,15379727.156408036
1,2050,7753461.238328992
2,2020,47784580.88856471
3,2030,33569841.18972829
