,YEAR_op,objective_Pvar
0,2040,128962904.07158443
1,2050,115226592.27261491
2,2020,127841548.02125224
3,2030,178627010.62870473
