,YEAR_op,STOCK_TECHNO,storageCosts_Pvar
0,2040,Battery,-0.0
1,2040,tankH2_G,3886841.8196901577
2,2040,saltCavernH2_G,-0.0
3,2050,Battery,-0.0
4,2050,tankH2_G,7754757.752803387
5,2050,saltCavernH2_G,-0.0
6,2020,Battery,-0.0
7,2020,tankH2_G,-0.0
8,2020,saltCavernH2_G,-0.0
9,2030,Battery,-0.0
10,2030,tankH2_G,281761.56729029806
11,2030,saltCavernH2_G,-0.0
