,YEAR_op,carbonCosts_Pvar
0,2040,4205926.055734729
1,2050,1308521.780148522
2,2020,47786529.80296189
3,2030,20092324.290434796
