,YEAR_op,STOCK_TECHNO,storageCosts_Pvar
0,2040,saltCavernH2_G,6720482.094720043
1,2040,Battery,-0.0
2,2040,tankH2_G,3183162.592435714
3,2050,saltCavernH2_G,13473731.149764478
4,2050,Battery,-0.0
5,2050,tankH2_G,4119297.050248814
6,2020,saltCavernH2_G,-0.0
7,2020,Battery,-0.0
8,2020,tankH2_G,-0.0
9,2030,saltCavernH2_G,2403337.069911829
10,2030,Battery,-0.0
11,2030,tankH2_G,494073.4206703457
